<?xml version='1.0' encoding='UTF-8' ?>
<timeLogEntries>
  <time path="/new&#10;/HistorialVeterinario" flag="R" />
  <time id="2" path="/HistorialVeterinario/PSP1/Planning" start="@1402949452951" delta="14" flag="A" />
  <time id="3" path="/HistorialVeterinario/PSP1/Design" start="@1402950325114" delta="7" flag="A" />
  <time id="4" path="/HistorialVeterinario/PSP1/Design" start="@1402950729702" flag="A" />
  <time id="5" path="/HistorialVeterinario/PSP1/Design" start="@1402950730516" flag="A" />
  <time id="6" path="/HistorialVeterinario/PSP1/Design" start="@1402950730775" flag="A" />
  <time id="7" path="/HistorialVeterinario/PSP1/Design" start="@1402950730950" flag="A" />
  <time id="8" path="/HistorialVeterinario/PSP1/Design" start="@1402950731131" flag="A" />
  <time id="9" path="/HistorialVeterinario/PSP1/Design" start="@1402950731330" flag="A" />
  <time id="10" path="/HistorialVeterinario/PSP1/Design" start="@1402950731502" flag="A" />
  <time id="11" path="/HistorialVeterinario/PSP1/Design" start="@1402950731712" flag="A" />
</timeLogEntries>
