<?xml version='1.0' encoding='UTF-8' ?>
<timeLogEntries>
  <time id="1" path="/ProjectPSP1/PSP1/Planning" start="@1402900147643" delta="4" />
  <time id="2" path="/HistorialVeterinario/PSP1/Planning" start="@1402949452951" delta="14" />
  <time id="3" path="/HistorialVeterinario/PSP1/Design" start="@1402950325114" delta="7" />
  <time id="4" path="/HistorialVeterinario/PSP1/Design" start="@1402950729702" />
  <time id="5" path="/HistorialVeterinario/PSP1/Design" start="@1402950730516" />
  <time id="6" path="/HistorialVeterinario/PSP1/Design" start="@1402950730775" />
  <time id="7" path="/HistorialVeterinario/PSP1/Design" start="@1402950730950" />
  <time id="8" path="/HistorialVeterinario/PSP1/Design" start="@1402950731131" />
  <time id="9" path="/HistorialVeterinario/PSP1/Design" start="@1402950731330" />
  <time id="10" path="/HistorialVeterinario/PSP1/Design" start="@1402950731502" />
  <time id="11" path="/HistorialVeterinario/PSP1/Design" start="@1402950731712" />
</timeLogEntries>
