<?xml version='1.0' encoding='UTF-8' ?>
<timeLogEntries>
  <time id="1" path="/ProjectPSP1/PSP1/Planning" start="@1402900147643" delta="4" />
  <time id="2" path="/HistorialVeterinario/PSP1/Planning" start="@1402085452000" delta="14" />
  <time id="3" path="/HistorialVeterinario/PSP1/Design" start="@1402277725000" delta="20" />
  <time id="4" path="/HistorialVeterinario/PSP1/Design" start="@1402273929000" delta="1" />
  <time id="5" path="/HistorialVeterinario/PSP1/Design" start="@1402275610000" delta="30" />
  <time id="15" path="/HistorialVeterinario/PSP1/Code" start="@1402719617000" delta="60" />
  <time id="16" path="/HistorialVeterinario/PSP1/Code" start="@1402771763000" delta="27" interrupt="5" />
  <time id="17" path="/HistorialVeterinario/PSP1/Code" start="@1402773707000" delta="15" interrupt="3" />
  <time id="18" path="/HistorialVeterinario/PSP1/Code" start="@1402774749000" delta="8" interrupt="10" />
  <time id="19" path="/HistorialVeterinario/PSP1/Code" start="@1402775831000" delta="30" />
  <time id="20" path="/HistorialVeterinario/PSP1/Code" start="@1402850126000" delta="47" interrupt="8" />
  <time id="21" path="/HistorialVeterinario/PSP1/Code" start="@1402853229000" delta="60" interrupt="15" />
  <time id="22" path="/HistorialVeterinario/PSP1/Code" start="@1402932971000" delta="71" interrupt="12" />
  <time id="23" path="/HistorialVeterinario/PSP1/Code" start="@1402934351000" delta="28" interrupt="20" />
  <time id="24" path="/HistorialVeterinario/PSP1/Code" start="@1402937231000" />
</timeLogEntries>
