<?xml version='1.0' encoding='UTF-8' ?>
<timeLogEntries>
  <time id="2" start="@1402420252000" delta="25" interrupt="8" flag="M" />
  <time id="4" start="@1402500129000" delta="20" interrupt="17" flag="M" />
  <time id="5" start="@1402502410000" delta="-6" interrupt="6" flag="M" />
  <time id="3" start="@1402503625000" flag="M" />
  <time id="15" start="@1402684277000" delta="-14" interrupt="19" flag="M" />
  <time id="16" start="@1402688123000" flag="M" />
  <time id="17" start="@1402687307000" flag="M" />
  <time id="18" start="@1402688349000" flag="M" />
  <time id="19" start="@1402689431000" flag="M" />
  <time id="20" start="@1402648526000" flag="M" />
  <time id="21" start="@1402694829000" flag="M" />
  <time id="23" delta="43" flag="M" />
  <time id="24" delta="32" flag="M" />
</timeLogEntries>
